"0","DECEUNINCK","BE0003789063","DECB","0","125","1.33","115426.98","57.58","154089.69"
"0","DELHAIZE GROUP","BE0003562700","DELB","0","125","41.62","657192.09","5310.9","27442789.17"
"0","DEXIA","BE0003796134","DEXB","0","125","0.04","8607926.51","276.48","339528.13"
"0","ECKERT-ZIEGLER BG","BE0003689032","EZBG","0","125","2.07","5188.38","8.55","11009.54"
"0","EURONAV","BE0003816338","EURN","0","122","3.97","54133.47","107.02","216584.45"
"0","EVS BROADC.EQUIPM.","BE0003820371","EVS","0","125","48.84","20519.34","336.12","1013116.89"
"0","EXMAR","BE0003808251","EXM","0","125","7.77","76293.95","223.73","596016.34"
"0","FLUXYS BELGIUM D","BE0974265945","FLUX","0","125","33.99","3242.25","26.58","109208.75"
"0","FOUNTAIN","BE0003752665","FOU","0","101","7.12","777.17","4.14","5368.04"
"0","GBL","BE0003797140","GBLB","0","125","60.07","125938.51","1419.14","7545426.13"
"0","AB INBEV","BE0003793107","ABI","0","125","70.89","1975756.05","11752.54","139446548.28"
"0","ABLYNX","BE0003877942","ABLX","0","125","6.68","231649.3","484.2","1576737.92"
"0","ACCENTIS","BE0003696102","ACCB","0","121","0.01","206989.3","6.73","2617.08"
"0","ACKERMANS V.HAAREN","BE0003764785","ACKB","0","125","66.79","32264.73","612.2","2149677.76"
"0","AEDIFICA","BE0003851681","AED","0","125","47.65","12363.25","148","590392.05"
"0","AGEAS","BE0974264930","AGS","0","125","25.3","707798.96","3442.31","17931080.82"
"0","AGFA-GEVAERT","BE0003755692","AGFB","0","125","1.46","256388.1","172.79","378224.01"
"0","ATENOR GROUP","BE0003837540","ATEB","0","125","32.81","1652.36","17.8","53919.34"
"0","BANIMMO A","BE0003870871","BANI","0","125","9.83","4230.38","15.3","41657.41"
"0","BARCO","BE0003790079","BAR","0","125","63.28","28630.54","524.97","1810788.92"
"0","BEFIMMO","BE0003678894","BEFB","0","125","49.5","25558.41","438.52","1243526.31"
"0","LEASINVEST","BE0003770840","LEAS","0","124","70.99","1606.75","54.98","113998.48"
"0","MELEXIS","BE0165385973","MELE","0","125","14.98","20985.36","120.31","311799.58"
"0","MIKO","BE0003731453","MIKO","0","119","53.91","518.43","5.45","27883.17"
"0","MOBISTAR","BE0003735496","MOBB","0","125","18.11","167702.04","1039.24","3044630.51"
"0","MONTEA C.V.A.","BE0003853703","MONT","0","125","29.75","1393.02","11.89","41544.16"
"0","NYRSTAR","BE0003876936","NYR","0","125","3.11","806897.87","888.6","2515363.06"
"0","OIM","GB00B063YS85","OIM","0","122","0.46","44409.25","16.61","21300.93"
"0","OPTION","BE0003836534","OPTI","0","125","0.27","113109.24","25.25","31727.39"
"0","GIMV","BE0003699130","GIMB","0","125","39.67","15976.83","213.98","634632.07"
"0","GLOBAL GRAPHICS","FR0004152221","GLOG","0","120","1.2","7929.93","7.74","9715.11"
"0","GREENYARD FOODS","BE0003765790","GRYFO","0","125","12.85","5266.56","25.5","68050.6"
"0","HAMON","BE0003700144","HAMO","0","125","14.09","9581.3","56.8","135712.41"
"0","HOME INV.BELG-SIFI","BE0003760742","HOMI","0","125","76.54","794.97","14.83","60944.53"
"0","IBA","BE0003766806","IBAB","0","125","5.86","22645.91","78.12","133357.09"
"0","IEP INVEST","BE0003748622","IEP","0","125","5.12","16095.88","31.06","79983.71"
"0","IMMO MOURY","BE0003893139","IMMOU","0","123","58.12","42.28","2.18","2445.04"
"0","IMMOBEL","BE0003599108","IMMO","0","124","31.37","2688.75","25.56","84542.16"
"0","INTERVEST OFF-WARE","BE0003746600","INTO","0","125","19.65","5997.85","66.43","117329.31"
"0","JENSEN-GROUP","BE0003858751","JEN","0","124","11.01","3372.06","21.06","37414.78"
"0","KBC","BE0003565737","KBC","0","125","28.87","1275113.86","6671.05","36653529.71"
"0","KBC ANCORA","BE0003867844","KBCA","0","125","14.72","125313.03","434.66","1833253.6"
"0","KEYWARE TECH.","BE0003880979","KEYW","0","125","0.84","12553.29","9.9","11072.97"
"0","PICANOL","BE0003807246","PIC","0","125","19.45","4146.36","37.84","81038.82"
"0","QUESTFOR GR-PRICAF","BE0003730448","QFG","0","125","6.55","5505.03","12.38","35770.37"
"0","REALDOLMEN","BE0003899193","REA","0","125","16.42","2072.89","25.98","34007.49"
"0","RECTICEL","BE0003656676","REC","0","125","5.8","36026.92","107.11","213038.09"
"0","RESILUX","BE0003707214","RES","0","125","63.61","1846.83","42.32","116594.1"
"0","RHJ INTERNATIONAL","BE0003815322","RHJI","0","125","3.89","93829.88","134.25","368155.11"
"0","ROULARTA","BE0003741551","ROU","0","125","12.39","3595.67","23.54","44616.87"
"0","RTL GROUP","LU0061462528","RTL","0","125","59.14","29974.38","205.33","1735050.17"
"0","SAPEC","BE0003625366","SAP","0","125","52","193.28","4.7","10052.31"
"0","SIOEN","BE0003743573","SIOE","0","125","6.93","11588.02","41.01","80162.53"
"0","BEKAERT","BE0974258874","BEKB","0","125","22.21","139098.33","1188.46","3077657.97"
"0","BELGACOM","BE0003810273","BELG","0","125","19.4","798348.18","3075.4","15355744.77"
"0","CFE","BE0003883031","CFEB","0","125","45.65","9372.76","179.77","426486.1"
"0","CMB","BE0003817344","CMB","0","125","15.03","14026.36","88.39","210470.71"
"0","COFINIMMO","BE0003593044","COFB","0","125","88.64","46209.74","971.99","4081187.36"
"0","COLRUYT","BE0974256852","COLR","0","125","37.06","143759.14","1402.31","5286741.4"
"0","CONNECT GROUP","BE0003786036","CONN","0","125","1.78","2484.34","4.48","4655"
"0","SIPEF","BE0003898187","SIP","0","125","59.62","4674.91","97.91","270150.37"
"0","SMARTPHOTO GROUP","BE0003663748","SMAR","0","124","0.47","76191.58","21.03","38441.89"
"0","SOFINA","BE0003717312","SOF","0","125","70.97","10270.98","188.71","730229.94"
"0","TER BEKE","BE0003573814","TERB","0","125","50.31","660.32","9.73","33150.56"
"0","TEXAF","BE0974263924","TEXF","0","125","27.69","903.45","9.77","24949.22"
"0","THROMBOGENICS","BE0003846632","THR","0","125","37.5","215454.4","1902.24","8038771.79"
"0","TIGENIX","BE0003864817","TIG","0","125","0.83","377681.04","116.15","325816.08"
"0","TUBIZE-FIN","BE0003823409","TUB","0","125","35.66","12510.57","139.59","448862.39"
"0","UCB","BE0003739530","UCB","0","125","44.26","271682.84","2478.08","12103417.78"
"0","UMICORE","BE0003884047","UMI","0","125","36.69","527847.36","4177.94","19155021.33"
"0","VAN DE VELDE","BE0003839561","VAN","0","125","35.18","8307.37","68.22","292850.23"
"0","VASTNED RETAIL BEL","BE0003754687","VASTB","0","125","51.95","1004.1","10.2","51923.66"
"0","VGP","BE0003878957","VGP","0","125","19.12","240.71","2.32","4441.18"
"0","WERELDHAV B-SICAFI","BE0003724383","WEHB","0","125","82.47","1644.52","56.02","134912.84"
"0","ZENITEL","BE0003806230","ZENT","0","102","0.6","7201.02","4.24","4402.69"
"0","ZETES INDUSTRIES","BE0003827442","ZTS","0","125","15.49","2527.66","21.05","39006.88"
"1","BEKAERT","BE0974258874","BEKB","0","130","26.97","111228.76","1060.82","2987151.34"
"1","BELGACOM","BE0003810273","BELG","0","130","19.51","692002.39","2721.34","13558050.76"
"1","BPOST","BE0974268972","BPOST","0","130","14.42","349619.82","915.79","5063407.46"
"1","CARDIO3 BIO","BE0974260896","CARD","0","127","18.48","22506.92","225.37","502258.87"
"1","CFE","BE0003883031","CFEB","0","130","52.43","19680.18","270.9","1047412.68"
"1","CMB","BE0003817344","CMB","0","130","18.48","23011.07","138.34","434812.64"
"1","COFINIMMO","BE0003593044","COFB","0","130","87.02","29705.73","682.98","2588387.6"
"1","COLRUYT","BE0974256852","COLR","0","130","41.16","120570.2","1231.66","4937143.13"
"1","CONNECT GROUP","BE0003786036","CONN","0","129","1.72","2443.02","3.84","4426.33"
"1","GIMV","BE0003699130","GIMB","0","130","37.25","13300.81","179.39","494582.39"
"1","GLOBAL GRAPHICS","FR0004152221","GLOG","0","123","1.26","10323.98","10.37","13709.79"
"1","GREENYARD FOODS","BE0003765790","GRYFO","0","130","13.31","1902.55","13.9","25051.63"
"1","HAMON","BE0003700144","HAMO","0","129","14.76","3140.97","25.64","47261.61"
"1","HOME INV.BELG-SIFI","BE0003760742","HOMI","0","130","75.4","614.19","13.08","46172.02"
"1","IBA","BE0003766806","IBAB","0","130","6.42","26020.6","84.24","170525.9"
"1","IEP INVEST","BE0003748622","IEP","0","130","6.77","29856.19","34.84","204341.04"
"1","IMMO MOURY","BE0003893139","IMMOU","0","130","57.32","48.23","2.21","2683.17"
"1","IMMOBEL","BE0003599108","IMMO","0","130","35.7","1940.08","24.23","69371.87"
"1","INTERVEST OFF-WARE","BE0003746600","INTO","0","130","18.79","4751.56","55.28","89363.98"
"1","KBC","BE0003565737","KBC","0","130","36","1001091.38","5674.17","35830873.97"
"1","KBC ANCORA","BE0003867844","KBCA","0","130","20.72","97042.12","460.19","2020300.27"
"1","KEYWARE TECH.","BE0003880979","KEYW","0","130","0.72","8839.54","6.95","6312.65"
"1","LEASINVEST","BE0003770840","LEAS","0","129","70.78","1557.58","45.35","110166.24"
"1","MDXHEALTH","BE0003844611","MDXH","0","130","2.73","63409.48","64.91","173726.07"
"1","MIKO","BE0003731453","MIKO","0","116","60.66","372.99","4.76","22428.33"
"1","MOBISTAR","BE0003735496","MOBB","0","130","12.81","166237.58","733.76","2022745.28"
"1","NYRSTAR","BE0003876936","NYR","0","130","2.35","801896.82","604.72","1772600.05"
"1","OPTION","BE0003836534","OPTI","0","130","0.24","218133.88","35.48","55412.61"
"1","DELHAIZE GROUP","BE0003562700","DELB","0","130","46.36","447826.28","4265.48","20801754.74"
"1","DEXIA","BE0003796134","DEXB","0","130","0.04","4475363.4","183.73","167240"
"1","ECKERT-ZIEGLER BG","BE0003689032","EZBG","0","130","1.91","4523.01","8.14","8890.66"
"1","EURONAV","BE0003816338","EURN","0","129","4.77","76544","139.47","397277.91"
"1","EXMAR","BE0003808251","EXM","0","130","9.44","92052.09","308.98","896552.71"
"1","FAGRON","BE0003874915","FAGR","0","130","21.55","65948.22","366.55","1401500.34"
"1","FLUXYS BELGIUM D","BE0974265945","FLUX","0","129","28.91","3142.64","22.72","90523.47"
"1","GBL","BE0003797140","GBLB","0","130","62.72","88553.69","1047.78","5540704.9"
"1","AB INBEV","BE0003793107","ABI","0","130","73.03","1351547.25","9284.38","98465731.26"
"1","ACCENTIS","BE0003696102","ACCB","0","121","0.01","564031.8","7.61","6890.6"
"1","ACKERMANS V.HAAREN","BE0003764785","ACKB","0","130","74.42","26469.48","527.78","1985172.25"
"1","AEDIFICA","BE0003851681","AED","0","130","50.12","7141.02","104.32","359965.36"
"1","AGEAS","BE0974264930","AGS","0","130","29.46","475598.02","2710.91","14021401.3"
"1","AGFA-GEVAERT","BE0003755692","AGFB","0","130","1.62","301920.25","160.45","491682.87"
"1","ASCENCIO","BE0003856730","ASC","0","118","50.8","527","5.53","26730.87"
"1","ATENOR GROUP","BE0003837540","ATEB","0","129","32.79","1746.72","17.19","57623.67"
"1","BANIMMO A","BE0003870871","BANI","0","130","8.94","2146.92","10.18","18964.24"
"1","PICANOL","BE0003807246","PIC","0","130","24.08","5063.75","50.63","123026.5"
"1","QUESTFOR GR-PRICAF","BE0003730448","QFG","0","130","7.1","4621.18","12.85","32979.61"
"1","REALDOLMEN","BE0003899193","REA","0","130","16.66","5614.88","41.43","93363.98"
"1","RECTICEL","BE0003656676","REC","0","130","5.16","36308.07","92.38","186924.58"
"1","RESILUX","BE0003707214","RES","0","130","75.26","2009.18","47.98","155967.74"
"1","RETAIL ESTATES","BE0003720340","RET","0","130","55.73","1961.83","27.08","108907.88"
"1","RHJ INTERNATIONAL","BE0003815322","RHJI","0","130","3.81","66351.75","84.92","253913.58"
"1","ROULARTA","BE0003741551","ROU","0","130","11.25","1637.12","10.62","18507.7"
"1","RTL GROUP","LU0061462528","RTL","0","130","74.07","43223.53","387.15","3298765.3"
"1","SAPEC","BE0003625366","SAP","0","128","47.13","304.66","7.13","14252.16"
"1","SIOEN","BE0003743573","SIOE","0","130","7.62","13131.38","44.06","102156.17"
"1","SIPEF","BE0003898187","SIP","0","130","52.2","3184.32","60.62","165643.93"
"1","SMARTPHOTO GROUP","BE0003663748","SMAR","0","128","0.56","40718.18","12.06","22926.35"
"1","TER BEKE","BE0003573814","TERB","0","130","54.85","415.4","7.58","22902.4"
"1","TEXAF","BE0974263924","TEXF","0","130","32.75","824.39","10.35","26797.61"
"1","TIGENIX","BE0003864817","TIG","0","129","0.35","2104355.36","203.58","786197.74"
"1","TUBIZE-FIN","BE0003823409","TUB","0","130","40.07","8259.85","93.32","336305.21"
"1","UCB","BE0003739530","UCB","0","130","45.81","213804.18","2013.58","9790665.73"
"1","UMICORE","BE0003884047","UMI","0","130","33.72","450402.32","3304.39","15130187.37"
"1","VAN DE VELDE","BE0003839561","VAN","0","130","35.47","5517.42","47.71","196251.63"
"1","VASTNED RETAIL BEL","BE0003754687","VASTB","0","129","52.06","675.65","9.05","35070.97"
"1","VGP","BE0003878957","VGP","0","130","18.78","132.29","1.74","2476.84"
"1","ZENITEL","BE0003806230","ZENT","0","106","0.66","5167.76","3.53","3438.05"
"1","ZETES INDUSTRIES","BE0003827442","ZTS","0","130","16.77","3229.84","22.85","54075.53"
"2","AB INBEV","BE0003793107","ABI","0","126","77.1","1489702.05","10592.72","114593997.57"
"2","ABLYNX","BE0003877942","ABLX","1","125","8.72","172886.57","552.44","1501266.45"
"2","ACCENTIS","BE0003696102","ACCB","1","123","0.01","437357.28","7.74","6048.69"
"2","ACKERMANS V.HAAREN","BE0003764785","ACKB","0","126","88.31","33381.19","743.14","2937073.95"
"2","AEDIFICA","BE0003851681","AED","0.17","126","50.88","8040.94","141.74","408453.96"
"2","AGEAS","BE0974264930","AGS","1","126","31.33","458777.42","2751.26","14360992.88"
"2","AGFA-GEVAERT","BE0003755692","AGFB","1","126","2.24","368421.83","331.77","825922.93"
"2","ASCENCIO","BE0003856730","ASC","0.04","122","52.04","2518","11.5","130422.23"
"2","ATENOR GROUP","BE0003837540","ATEB","1","126","37.59","2117.29","28","79906.36"
"2","BANIMMO A","BE0003870871","BANI","1","126","8.44","3506.94","14.11","29571.32"
"2","BARCO","BE0003790079","BAR","0.02","126","56.18","24608.14","459.62","1370407.69"
"2","BEFIMMO","BE0003678894","BEFB","0.06","126","52.21","25248.75","383.69","1321916.37"
"2","DECEUNINCK","BE0003789063","DECB","1","126","2.27","160877.29","140.77","362024.52"
"2","DELHAIZE GROUP","BE0003562700","DELB","0.4","126","50","467645.73","4277.3","23223506.36"
"2","DEXIA","BE0003796134","DEXB","1","126","0.04","2960458.68","124.28","121699.15"
"2","ECKERT-ZIEGLER BG","BE0003689032","EZBG","1","126","2.07","3825.29","7.7","7958.97"
"2","ECONOCOM GROUP","BE0974266950","ECONB","1","126","7.81","136251.9","387.82","1065789.63"
"2","ELIA","BE0003822393","ELI","1","126","36.35","35980.22","426.81","1321006.43"
"2","EVS BROADC.EQUIPM.","BE0003820371","EVS","1","126","43.82","38171.96","556.93","1614780.68"
"2","FAGRON","BE0003874915","FAGR","1","126","34.87","107901.25","694.25","3724702.79"
"2","FLUXYS BELGIUM D","BE0974265945","FLUX","1","125","29.29","2299.08","20.43","67187.51"
"2","GBL","BE0003797140","GBLB","0","126","71.99","92951.54","1140.13","6664024.32"
"2","PICANOL","BE0003807246","PIC","1","126","27.5","3851.96","32.8","106041.56"
"2","REALDOLMEN","BE0003899193","REA","1","126","21.56","7243.08","70.13","156619.43"
"2","RECTICEL","BE0003656676","REC","1","126","6.87","47828.95","117.93","326164.81"
"2","RENTABILIWEB","BE0946620946","BIL","1","126","9.52","23357.57","81.18","222507.77"
"2","RETAIL ESTATES","BE0003720340","RET","0","126","58.42","2412.34","34.8","141141.21"
"2","RHJ INTERNATIONAL","BE0003815322","RHJI","1","126","3.65","94372.66","134.43","351880.93"
"2","ROULARTA","BE0003741551","ROU","1","126","12.37","2259.9","14.86","27508.3"
"2","RTL GROUP","LU0061462528","RTL","0","126","84.39","22861.33","283.82","1921800.2"
"2","SAPEC","BE0003625366","SAP","0.99","126","47.09","200.73","4.99","9488.04"
"2","SIOEN","BE0003743573","SIOE","1","126","9.18","11500.4","49.37","107772.62"
"2","GIMV","BE0003699130","GIMB","1","126","37.37","17980.13","256.35","669341.92"
"2","GLOBAL GRAPHICS","FR0004152221","GLOG","1","122","1.68","14114.71","14.35","24088.21"
"2","GREENYARD FOODS","BE0003765790","GRYFO","1","126","11.56","3103.29","15.93","35495.65"
"2","HAMON","BE0003700144","HAMO","1","126","15.07","3569.08","28.16","53996.79"
"2","HOME INV.BELG-SIFI","BE0003760742","HOMI","0","126","78.36","1145.59","19.37","89063.82"
"2","IMMO MOURY","BE0003893139","IMMOU","0.67","126","49.88","126.56","3.27","6285.09"
"2","IMMOBEL","BE0003599108","IMMO","1","126","39.28","1746.02","23.93","68776.02"
"2","INTERVEST OFF-WARE","BE0003746600","INTO","1","126","21.44","6033.84","71.65","129257.41"
"2","JENSEN-GROUP","BE0003858751","JEN","1","124","14.13","3840.12","22.14","54087.22"
"2","KBC","BE0003565737","KBC","1","126","43.75","1014717.67","6583.28","44319830.58"
"2","KBC ANCORA","BE0003867844","KBCA","1","126","26.99","55428.7","434.37","1506899.01"
"2","KEYWARE TECH.","BE0003880979","KEYW","1","126","0.72","10030.85","7.72","7434.42"
"2","KINEPOLIS GROUP","BE0974274061","KIN","1","116","26.65","14535.69","106.01","385706.79"
"2","BEKAERT","BE0974258874","BEKB","1","126","27.54","72346.42","761.8","1991269.9"
"2","BELGACOM","BE0003810273","BELG","1","126","22.64","658156.87","2675.49","14909623.42"
"2","BREDERODE","LU1068091351","BREB","1","116","28.21","6564.24","48.26","184686.23"
"2","CARDIO3 BIO","BE0974260896","CARD","0.98","126","39.77","27135.17","422.1","1136758.71"
"2","CFE","BE0003883031","CFEB","0.02","126","72.89","16585.52","294.52","1202369.42"
"2","COFINIMMO","BE0003593044","COFB","0","126","87.4","36770.12","800.96","3219577.06"
"2","COLRUYT","BE0974256852","COLR","1","126","40.17","150581.88","1401.6","5998863.84"
"2","CONNECT GROUP","BE0003786036","CONN","1","126","1.87","2467.27","4.75","4665.41"
"2","D&#039;IETEREN","BE0974259880","DIE","1","126","33.39","56265.75","626.39","1898469.03"
"2","LEASINVEST","BE0003770840","LEAS","0","126","78.35","2121.44","53.49","165930.06"
"2","MDXHEALTH","BE0003844611","MDXH","1","126","3.87","125353.55","187.56","501262.26"
"2","MELEXIS","BE0165385973","MELE","1","126","28.01","29975.1","316.88","845827.01"
"2","MIKO","BE0003731453","MIKO","0","117","66.92","480.79","5.02","32159.09"
"2","MOBISTAR","BE0003735496","MOBB","1","126","13.84","146202.73","625.36","1994674.77"
"2","MONTEA C.V.A.","BE0003853703","MONT","1","126","30.86","3306.63","24.56","102231.37"
"2","NYRSTAR","BE0003876936","NYR","1","126","2.1","608221.88","487.3","1286073.36"
"2","OIM","GB00B063YS85","OIM","1","125","0.58","158683.72","58.17","101733.52"
"2","OPTION","BE0003836534","OPTI","1","126","0.39","742367.2","162.37","371417.69"
"2","SIPEF","BE0003898187","SIP","0.01","126","60.17","2938.76","52.37","176415.47"
"2","SMARTPHOTO GROUP","BE0003663748","SMAR","1","123","0.5","13829.9","6.69","6959"
"2","TELENET GROUP","BE0003826436","TNET","1","126","43.67","99245.12","1022.87","4330013.02"
"2","TER BEKE","BE0003573814","TERB","0","126","58.28","459.17","9.71","26913.36"
"2","TESSENDERLO","BE0003555639","TESB","1","126","19.32","58467.4","375.48","1126443.13"
"2","TEXAF","BE0974263924","TEXF","1","126","36.06","564.29","8.92","20710.04"
"2","THROMBOGENICS","BE0003846632","THR","1","126","19.19","189771.13","1095.48","3379449.84"
"2","TIGENIX","BE0003864817","TIG","1","126","0.75","2186176.27","406.73","1777946.2"
"2","TUBIZE-FIN","BE0003823409","TUB","0.37","126","50.31","11270.29","127.83","561802.98"
"2","UCB","BE0003739530","UCB","0.01","126","56.82","249581.4","2277.96","14071647.05"
"2","UMICORE","BE0003884047","UMI","1","126","34.62","530167.71","3364.64","18255683.07"
"2","VAN DE VELDE","BE0003839561","VAN","1","126","37.81","6297.2","66.95","235395.19"
"2","VASTNED RETAIL BEL","BE0003754687","VASTB","0","126","54.44","1018.82","13.31","55340.87"
"2","VGP","BE0003878957","VGP","1","126","18.08","255.47","2.71","4637.92"
"2","VIOHALCO","BE0974271034","VIO","1","126","4.27","40662.71","121.6","173429.62"
"2","WAREHOUSES-SICAFI","BE0003734481","WEB","0","124","54.76","637.76","7.1","34722.19"
"2","WDP","BE0003763779","WDP","0.01","126","54.06","12255.6","192.16","661244.41"
"2","WERELDHAV B-SICAFI","BE0003724383","WEHB","0","120","90.02","1286.53","49.4","115846.23"
"2","ZENITEL","BE0003806230","ZENT","1","115","0.84","10798.85","6.16","9496.41"
"2","ZETES INDUSTRIES","BE0003827442","ZTS","1","126","20.21","3686.38","27.89","74809.07"
"3","LEASINVEST","BE0003770840","LEAS","0","131","85.56","1527.95","55.95","130948.3"
"3","MDXHEALTH","BE0003844611","MDXH","1","131","3.86","83105.67","158.51","324712.03"
"3","MELEXIS","BE0165385973","MELE","1","131","34.97","27047.46","368.72","936135.33"
"3","MIKO","BE0003731453","MIKO","0","117","67.48","303.43","4.86","20534.36"
"3","MOBISTAR","BE0003735496","MOBB","1","131","15.85","112981.38","616.49","1839833.06"
"3","MONTEA C.V.A.","BE0003853703","MONT","1","131","32.27","4601","36.77","148621.21"
"3","NYRSTAR","BE0003876936","NYR","1","131","2.46","1535535.24","1247.6","3796677.25"
"3","ONTEX GROUP","BE0974276082","ONTEX","1","131","19.85","94891.18","477.23","1965122.82"
"3","OPTION","BE0003836534","OPTI","1","131","0.34","200319.16","45.99","68902.13"
"3","DECEUNINCK","BE0003789063","DECB","1","130","1.96","57966.56","74.39","115463.71"
"3","DELHAIZE GROUP","BE0003562700","DELB","0.13","131","53.59","363237.39","3540.77","19503956.48"
"3","DEXIA","BE0003796134","DEXB","1","131","0.03","2428039.94","98.7","70315.73"
"3","ECKERT-ZIEGLER BG","BE0003689032","EZBG","1","131","1.68","3370.24","5.7","5647.19"
"3","ECONOCOM GROUP","BE0974266950","ECONB","1","131","6.38","141307.85","422.33","868712.52"
"3","ELIA","BE0003822393","ELI","1","131","37.85","50303.46","494.82","1901947.58"
"3","EURONAV","BE0003816338","EURN","1","131","9.13","143871.92","440.68","1339067.85"
"3","EVS BROADC.EQUIPM.","BE0003820371","EVS","1","131","30.68","29387.6","388.92","871711.5"
"3","EXMAR","BE0003808251","EXM","1","131","11.18","58236.92","289.47","641897.17"
"3","FAGRON","BE0003874915","FAGR","1","131","37.74","88945.02","910.33","3255100.99"
"3","FLUXYS BELGIUM D","BE0974265945","FLUX","1","129","27.43","2379.53","25.11","64813.97"
"3","GBL","BE0003797140","GBLB","0","131","72.38","84804.44","1196.73","6111218.55"
"3","PICANOL","BE0003807246","PIC","1","130","26.95","1811.95","21.34","48235.56"
"3","QRF","BE0974272040","QRF","1","130","25.43","2260.72","19.05","57782.48"
"3","QUESTFOR GR-PRICAF","BE0003730448","QFG","1","130","7.3","4712.92","18.82","34424.39"
"3","REALDOLMEN","BE0003899193","REA","1","131","19.92","4663.39","50.04","93341.37"
"3","RECTICEL","BE0003656676","REC","1","131","6.46","40022.37","128.04","254856.87"
"3","RENTABILIWEB","BE0946620946","BIL","1","131","7.28","11878.14","75.24","85114.54"
"3","RETAIL ESTATES","BE0003720340","RET","0","131","63.64","2863.66","43.65","183881.59"
"3","RHJ INTERNATIONAL","BE0003815322","RHJI","1","131","4.01","193000.18","168.68","783143.82"
"3","ROULARTA","BE0003741551","ROU","1","131","12.35","1571.9","9.87","19436.72"
"3","RTL GROUP","LU0061462528","RTL","0","131","73.86","22585.51","279.14","1651205.9"
"3","SAPEC","BE0003625366","SAP","1","131","35.83","372.95","6.67","12727.6"
"3","SIOEN","BE0003743573","SIOE","1","131","11.46","14060.06","97.69","159802.35"
"3","GIMV","BE0003699130","GIMB","1","131","36.74","15809.98","230.59","580235.15"
"3","GLOBAL GRAPHICS","FR0004152221","GLOG","1","126","1.75","14879.82","9.62","27689.42"
"3","GREENYARD FOODS","BE0003765790","GRYFO","1","131","11.88","1961.68","8.49","23370.62"
"3","HAMON","BE0003700144","HAMO","1","131","11.68","4214.48","36.27","48295.56"
"3","HOME INV.BELG-SIFI","BE0003760742","HOMI","0","131","83.34","845.12","15.97","70366.29"
"3","IBA","BE0003766806","IBAB","1","131","12.99","43524.73","232.4","573579.41"
"3","IEP INVEST","BE0003748622","IEP","1","128","3.7","5804.06","11.3","20738.49"
"3","IMMO MOURY","BE0003893139","IMMOU","0.8","131","49.44","227.19","3.16","10954.7"
"3","IMMOBEL","BE0003599108","IMMO","1","131","42.35","2616.14","39.44","110970.64"
"3","INTERVEST OFF-WARE","BE0003746600","INTO","1","131","22.29","5285.42","76.05","117420.27"
"3","JENSEN-GROUP","BE0003858751","JEN","1","124","15.07","4447.67","19.56","65882.81"
"3","KBC","BE0003565737","KBC","1","131","42.46","1036794.43","6951.17","43806771.07"
"3","KBC ANCORA","BE0003867844","KBCA","1","131","23.96","51423.22","442.87","1221542.3"
"3","KEYWARE TECH.","BE0003880979","KEYW","1","131","0.59","8020.67","6.54","4650.47"
"3","KINEPOLIS GROUP","BE0974274061","KIN","1","131","30.13","22113.32","225.11","662175.31"
"3","BEKAERT","BE0974258874","BEKB","1","131","26.76","89379.42","854.01","2374170.14"
"3","BELGACOM","BE0003810273","BELG","1","131","27.68","736565.02","3283.51","20499363.8"
"3","BPOST","BE0974268972","BPOST","1","131","19.33","279436","1372.61","5392546.73"
"3","BREDERODE","LU1068091351","BREB","1","131","29.1","5422.67","45.78","157643.17"
"3","CARDIO3 BIO","BE0974260896","CARD","1","131","36.95","13142.33","188.97","500499.17"
"3","CFE","BE0003883031","CFEB","0","131","80.43","13272.04","294.37","1070755.89"
"3","CMB","BE0003817344","CMB","1","131","16.65","13887.31","130.31","227858.87"
"3","COFINIMMO","BE0003593044","COFB","0","131","91.63","31811.84","798.95","2896458.61"
"3","COLRUYT","BE0974256852","COLR","1","131","36.63","171923.97","1392.67","6274423.45"
"3","CONNECT GROUP","BE0003786036","CONN","1","131","1.68","1654.66","4.76","2759.57"
"3","D&#039;IETEREN","BE0974259880","DIE","1","131","30.45","23973.92","370.17","727249.29"
"3","4ENERGY INVEST","BE0974275076","ENINV","1","105","3.41","953.82","4.41","3288.73"
"3","AB INBEV","BE0003793107","ABI","0","131","86.42","1603695.81","11517.89","138594937.98"
"3","ABLYNX","BE0003877942","ABLX","1","130","8.51","70745.92","347.86","603615.78"
"3","ACCENTIS","BE0003696102","ACCB","1","129","0.01","485526.16","7.19","7347.55"
"3","ACKERMANS V.HAAREN","BE0003764785","ACKB","0","121","94.13","36442.45","863","3437304.03"
"3","AEDIFICA","BE0003851681","AED","0.02","131","52.39","8941.85","161.21","470555.59"
"3","AGEAS","BE0974264930","AGS","1","131","27.19","539919.4","2622.03","14516016.39"
"3","AGFA-GEVAERT","BE0003755692","AGFB","1","131","2.08","157876.5","223.71","327575.51"
"3","ARGEN-X","NL0010832176","ARGX","1","121","7.84","5847.54","19.92","45808.63"
"3","ASCENCIO","BE0003856730","ASC","0","131","53.88","2697.34","21.44","143573.56"
"3","ATENOR GROUP","BE0003837540","ATEB","1","131","37.69","1963.68","25.75","74001.18"
"3","BANIMMO A","BE0003870871","BANI","1","131","7.81","2972.53","12.97","22993.57"
"3","BARCO","BE0003790079","BAR","0","131","56.02","23730.6","397.52","1328303.92"
"3","BEFIMMO","BE0003678894","BEFB","0","131","59.93","24393.28","465.47","1460469.64"
"3","SIPEF","BE0003898187","SIP","0.13","131","54.79","4384.08","96.75","231122.04"
"3","SMARTPHOTO GROUP","BE0003663748","SMAR","1","126","0.32","13804.43","6.45","4575"
"3","SOFINA","BE0003717312","SOF","0","131","85.53","7333.75","161.04","626174.2"
"3","TELENET GROUP","BE0003826436","TNET","1","131","43.56","113135.85","1336.75","4927863.9"
"3","TER BEKE","BE0003573814","TERB","0","131","60.1","458.22","11.24","27703.46"
"3","TESSENDERLO","BE0003555639","TESB","1","131","20.28","60196.25","439.27","1222572.54"
"3","TEXAF","BE0974263924","TEXF","1","131","33.02","566.47","8.53","18344.69"
"3","THROMBOGENICS","BE0003846632","THR","1","131","7.78","93391.34","437.5","748902.97"
"3","TIGENIX","BE0003864817","TIG","1","131","0.54","271596.9","96.69","149618.54"
"3","TUBIZE-FIN","BE0003823409","TUB","0.01","131","55.82","12012.97","149.56","669364.44"
"3","UCB","BE0003739530","UCB","0","131","66.49","273576.89","2806.34","18230134.63"
"3","UMICORE","BE0003884047","UMI","1","131","34.01","416452.82","2624.83","14033179.15"
"3","VAN DE VELDE","BE0003839561","VAN","1","131","38.47","6009.23","75.01","230629.81"
"3","VASTNED RETAIL BEL","BE0003754687","VASTB","0","131","55.87","615.89","10.12","34465.88"
"3","VGP","BE0003878957","VGP","1","131","19.3","463.88","3.63","9107.41"
"3","VIOHALCO","BE0974271034","VIO","1","131","3.29","37855.57","103.26","99584.31"
"3","WAREHOUSES-SICAFI","BE0003734481","WEB","0","125","60.04","538.18","5.98","32367.87"
"3","WDP","BE0003763779","WDP","0","131","56.91","12471.44","205.47","714043.9"
"3","ZENITEL","BE0003806230","ZENT","1","115","0.88","6949.36","4.19","6225.84"
"3","ZETES INDUSTRIES","BE0003827442","ZTS","1","131","22.04","3736.42","29.15","83044.34"
